﻿store_name,address,opening,link,type,region,friday
TLV-BYKE,"Har Zion 34, Tel Aviv","Su-Fr, 9:00-19:00 , 9:00-11:00",https://www.tlv.co.il/,city,tel-aviv,yes
Balfur bikes,"Balfur 7, Tel Aviv","Su-Fr, 9:00-19:30 , 10:00-12:00",https://www.bikebalf.co.il/,city,tel-aviv,yes
Puncher,"Dizingoff 99, Tel Aviv","Su-Fr, 9:00-19:00 , 9:00-13:00",https://www.punchertlv.co.il/,electric,tel-aviv,yes
bikez,"Mazeh 18, Tel Aviv","Su-Fr, 9:00-19:30 , 10:00-12:00",https://www.bikezzz.co.il/,kids,tel-aviv,yes
ofnaim,"Rotchild 20, Beer sheva","Su-Th, 9:00-19:00",https://www.offnaim.co.il/,road,beer-sheva,no
onebike,"Hertzl 3, Haifa","Su-Fr, 9:00-19:30 , 10:00-12:00",https://www.onebike.co.il/,road,haifa,yes
wheels,"Dizingoff 10, Kfar sava","Su-Fr, 8:00-20:00 , 8:00-14:00",https://www.wheelstlv.co.il/,city,hasharon,yes
ryde,"Agripas 10, jerusalem","Su-Tu, 8:00-20:00 ",https://www.ryde.co.il/,mountain,jerusalem,no